the,а,article
of,из,preposition
and,и,other
to,к,preposition
in,в,adverb
for,для,preposition
is,является,other
on,на,adverb
that,что,pronoun
by,к,preposition
this,этот,pronoun
with,с,preposition
i,я,noun
you,ты,pronoun
it,это,pronoun
not,нет,particle
or,или,other
be,быть,other
are,являются,other
from,от,preposition
at,в,preposition
as,как,adverb
your,твой,pronoun
all,все,article
have,иметь,verb
new,новый,adjective
more,более,adjective
was,был,other
we,мы,pronoun
will,воля,other
home,дом,noun
can,может,other
us,нас,pronoun
about,о,adverb
if,если,subordinating conjunction
page,страница,noun
my,мой,pronoun
has,имеет,other
search,поиск,verb
free,бесплатно,adjective
but,но,other
our,наш,pronoun
one,один,number
other,другой,adjective
do,делать,verb
no,нет,interjection
information,информация,noun
time,время,noun
they,они,pronoun
site,сайт,noun
he,он,pronoun
up,вверх,adverb
may,может,other
what,что,pronoun
which,который,pronoun
their,их,pronoun
news,новости,noun
out,вне,adverb
use,использовать,verb
any,любой,article
there,там,adverb
see,видеть,verb
only,только,adverb
so,так,adverb
his,его,pronoun
when,когда,adverb
contact,контакт,verb
here,здесь,adverb
business,бизнес,noun
also,также,adverb
now,сейчас,adverb
help,помощь,verb
get,получать,verb
view,вид,noun
first,первый,adverb
am,являюсь,other
been,был,other
would,бы,other
how,как,adverb
were,были,other
me,мне,pronoun
services,услуги,noun
some,некоторый,article
these,эти,pronoun
click,нажимать,verb
its,его,pronoun
like,нравиться,interjection
service,услуга,noun
than,чем,adverb
find,находить,verb
price,цена,noun
date,дата,noun
back,назад,adverb
top,вершина,noun
people,люди,noun
had,имел,verb
list,список,verb
name,имя,noun
just,только,adverb
over,над,adverb
state,состояние,noun
year,год,noun
day,день,noun
into,в,preposition
two,два,number
health,здоровье,noun
world,мир,noun
next,следующий,adverb
used,использовал,verb
go,идти,verb
work,работа,noun
last,последний,adjective
most,большинство,adjective
products,продукция,noun
music,музыка,noun
buy,купить,verb
data,данные,noun
make,делать,verb
them,их,pronoun
should,должен,other
product,продукт,noun
system,система,noun
post,почта,noun
her,ее,pronoun
city,город,noun
add,добавлять,verb
policy,политика,noun
number,число,noun
such,такой,adjective
please,пожалуйста,interjection
available,доступный,adjective
copyright,авторское право,noun
support,поддерживать,verb
message,сообщение,noun
after,после,adverb
best,лучший,adjective
software,программное обеспечение,noun
then,затем,adverb
good,хороший,adjective
video,видео,noun
well,хорошо,interjection
where,где,adverb
info,информация,noun
rights,Права,noun
public,публичный,adjective
books,книги,noun
high,высокий,adjective
school,школа,noun
through,через,adverb
each,каждый,article
links,ссылки,noun
she,она,pronoun
review,обзор,noun
years,годы,noun
order,заказ,noun
very,очень,adverb
privacy,конфиденциальность,noun
book,книга,noun
items,предметы,noun
company,компания,noun
read,читать,verb
group,группа,noun
need,нуждаться,verb
many,много,adjective
user,пользователь,noun
said,сказал,verb
does,делает,other
set,набор,verb
under,под,preposition
general,общий,adjective
research,исследовать,noun
university,университет,noun
january,январь,proper noun
mail,почта,noun
full,полный,adjective
map,карта,noun
reviews,обзоры,noun
program,программа,noun
life,жизнь,noun
know,знать,verb
games,игры,noun
way,способ,noun
days,дни,noun
management,управление,noun
part,часть,noun
could,мог,other
great,большой,adjective
united,объединенная,adjective
hotel,отель,noun
real,настоящий,adjective
f,фон,proper noun
item,элемент,noun
international,международный,adjective
center,центр,noun
must,должен,other
store,магазин,noun
travel,путешествовать,noun
comments,Комментарии,noun
made,сделал,verb
development,разработка,noun
report,отчет,noun
off,выключенный,adverb
member,член,noun
details,подробности,noun
line,линия,noun
terms,условия,noun
before,до,adverb
hotels,отели,noun
did,делал,other
send,отправлять,verb
right,верно,adjective
type,тип,noun
because,потому что,adverb
local,местный,adjective
those,те,pronoun
using,с использованием,verb
results,результаты,noun
office,офис,noun
education,образование,noun
national,национальный,adjective
car,машина,noun
design,дизайн,noun
take,брать,verb
posted,опубликовано,verb
internet,интернет,noun
address,адрес,noun
community,сообщество,noun
within,в пределах,preposition
states,государства,noun
area,область,noun
want,хотеть,verb
phone,телефон,noun
shipping,перевозки,noun
reserved,сдержанный,verb
subject,предмет,noun
between,между,preposition
forum,форум,noun
family,семья,noun
long,длинный,adjective
based,основанный на,verb
code,код,noun
show,показывать,verb
even,даже,adverb
black,черный,adjective
check,проверять,verb
special,особенный,adjective
prices,цены,noun
index,индекс,noun
being,существование,other
women,женщины,noun
much,много,adverb
sign,знак,verb
file,файл,noun
link,связь,noun
open,открыть,adjective
today,сегодня,noun
technology,технология,noun
south,юг,noun
case,случай,noun
project,проект,noun
same,такой же,adjective
pages,страницы,noun
version,версия,noun
section,раздел,noun
own,собственный,adjective
found,найденный,verb
sports,спорт,noun
house,дом,noun
related,связанный,adjective
security,безопасность,noun
both,оба,article
county,графство,noun
american,американец,adjective
photo,фото,noun
game,игра,noun
members,члены,noun
power,власть,noun
while,пока,subordinating conjunction
care,уход,noun
network,сеть,noun
down,вниз,adverb
computer,компьютер,noun
systems,система,noun
three,три,number
total,общий,adjective
place,место,verb
end,конец,noun
following,следующий,verb
download,скачать,verb
h,час,proper noun
him,ему,pronoun
without,без,preposition
per,перемещение,preposition
access,доступ,noun
think,думать,verb
north,север,adverb
resources,ресурсы,noun
current,текущий,adjective
posts,посты,noun
big,большой,adjective
law,закон,noun
control,контроль,noun
water,вода,noun
history,история,noun
pictures,картинки,noun
size,размер,noun
art,искусство,noun
personal,личный,adjective
since,с,adverb
including,включая,verb
guide,гид,noun
shop,магазин,noun
directory,каталог,noun
board,доска,noun
location,расположение,noun
change,изменять,verb
white,белый,adjective
text,текст,noun
small,маленький,adjective
rating,рейтинг,noun
rate,ставка,noun
government,правительство,noun
children,дети,noun
during,в течение,preposition
USA,США,proper noun
return,возвращаться,verb
students,студенты,noun
shopping,покупки,noun
account,счет,noun
times,раз,noun
sites,сайты,noun
level,уровень,noun
digital,цифровой,adjective
profile,профиль,noun
previous,предыдущий,adjective
form,форма,noun
events,события,noun
love,любовь,verb
old,старый,adjective
John,Джон,proper noun
main,основной,adjective
call,вызов,verb
hours,часы,noun
image,изображение,noun
department,отделение,noun
title,заголовок,noun
description,описание,noun
not,не,interjection
insurance,страхование,noun
another,другой,article
why,почему,adverb
shall,должен,other
property,свойство,noun
class,сорт,noun
cd,диск,proper noun
still,все еще,adverb
money,деньги,noun
quality,качество,noun
every,каждый,article
listing,список,noun
content,содержание,noun
country,страна,noun
private,частный,adjective
little,маленький,adjective
visit,посещать,verb
save,сохранять,verb
tools,инструменты,noun
low,низкий,adjective
reply,отвечать,verb
customer,клиент,noun
december,декабрь,proper noun
compare,сравнивать,verb
movies,фильмы,noun
include,включать,verb
college,колледж,noun
value,ценить,noun
article,статья,noun
man,мужчина,noun
card,карта,noun
jobs,рабочие места,noun
provide,предоставлять,verb
food,еда,noun
source,источник,noun
author,автор,noun
different,другой,adjective
press,нажимать,noun
learn,учиться,verb
sale,распродажа,noun
around,вокруг,adverb
print,печать,verb
course,курс,noun
job,работа,noun
Canada,Канада,proper noun
process,процесс,noun
teen,подростка,noun
room,комната,noun
stock,запас,noun
training,обучение,noun
too,слишком,adverb
credit,кредит,noun
point,точка,noun
join,присоединиться,verb
science,наука,noun
men,мужчина,noun
categories,категории,noun
advanced,передовой,adjective
west,западный,proper noun
sales,продажа,noun
look,смотреть,verb
english,английский,proper noun
left,левый,adjective
team,команда,noun
estate,имущество,noun
box,коробка,noun
conditions,условия,noun
select,выбирать,verb
windows,окна,noun
photos,фото,noun
gay,гей,adjective
thread,нить,noun
week,неделя,noun
category,категория,noun
note,примечание,noun
live,жить,adjective
large,большой,adjective
gallery,галерея,noun
table,стол,noun
register,зарегистрировать,verb
however,однако,adverb
june,июнь,proper noun
october,октябрь,proper noun
november,ноябрь,proper noun
market,рынок,noun
library,библиотека,noun
really,действительно,adverb
action,действие,noun
start,начинать,verb
series,ряд,noun
model,модель,noun
features,функции,noun
air,воздух,noun
industry,промышленность,noun
plan,план,noun
human,человек,adjective
provided,предоставил,verb
tv,телевидение,noun
yes,да,interjection
required,необходимый,verb
second,второй,adverb
hot,горячий,adjective
accessories,аксессуары,noun
cost,расходы,noun
movie,фильм,noun
forums,форумы,noun
march,маршировать,proper noun
september,сентябрь,proper noun
better,лучше,adjective
say,сказать,verb
questions,вопросы,noun
july,июль,proper noun
going,идущий,verb
medical,медицинский,adjective
test,тест,noun
friend,друг,noun
come,приходить,verb
study,изучать,noun
application,приложение,noun
cart,тележка,noun
staff,персонал,noun
articles,статьи,noun
feedback,обратная связь,noun
again,снова,adverb
play,играть,verb
looking,смотрящий,verb
issues,проблемы,noun
april,апрель,proper noun
never,никогда,adverb
users,пользователи,noun
complete,полный,adjective
street,улица,noun
topic,тема,noun
comment,комментарий,noun
financial,финансовый,adjective
things,вещи,noun
working,работающий,verb
against,против,preposition
standard,стандартный,adjective
tax,налоговый,noun
person,человек,noun
below,ниже,adverb
mobile,мобильный,adjective
less,меньше,adjective
got,получил,verb
blog,блог,noun
party,вечеринка,noun
payment,оплата,noun
equipment,оборудование,noun
login,авторизоваться,noun
student,студент,noun
let,позволять,verb
programs,программы,noun
offers,предложения,verb
legal,юридический,adjective
above,выше,adverb
recent,недавний,adjective
park,парк,noun
stores,магазины,noun
side,сторона,noun
act,действовать,verb
problem,проблема,noun
red,красный,adjective
give,давать,verb
memory,память,noun
performance,производительность,noun
social,социальная,adjective
august,август,proper noun
quote,цитировать,noun
language,язык,noun
story,история,noun
sell,продавать,verb
options,параметры,noun
experience,опыт,noun
rates,ставки,noun
create,создавать,verb
key,ключ,noun
body,тело,noun
young,молодой,adjective
America,Америка,proper noun
important,важный,adjective
field,поле,noun
few,немного,adjective
east,восток,adverb
paper,бумага,noun
single,одинокий,adjective
age,возраст,noun
activities,деятельность,noun
club,клуб,noun
example,пример,noun
girls,девушки,noun
additional,дополнительный,adjective
password,пароль,noun
latest,последний,adjective
something,что-нибудь,pronoun
road,дорога,noun
gift,подарок,noun
question,вопрос,noun
changes,изменения,noun
night,ночь,noun
ca,калифорнийский,other
hard,жесткий,adjective
Texas,Техас,proper noun
oct,октябрь,other
pay,платить,noun
four,четыре,number
poker,покер,noun
status,статус,noun
browse,просматривать,verb
issue,проблема,noun
range,диапазон,noun
building,здание,noun
seller,продавец,noun
court,суд,noun
february,февраль,proper noun
always,всегда,adverb
result,результат,noun
audio,аудио,noun
light,свет,noun
write,писать,verb
war,война,noun
nov,ноябрь,proper noun
offer,предложение,verb
blue,синий,adjective
groups,группа,noun
easy,легкий,adjective
given,данный,verb
files,файлы,noun
event,событие,noun
release,выпускать,noun
analysis,анализ,noun
request,запрос,noun
China,Китай,proper noun
making,изготовление,verb
picture,картина,noun
needs,потребности,verb
possible,возможный,adjective
might,мощь,other
professional,профессионал,adjective
yet,еще,adverb
month,месяц,noun
major,главный,adjective
star,звезда,noun
areas,районы,noun
future,будущее,noun
space,космос,noun
committee,комитет,noun
hand,рука,noun
sun,солнце,noun
cards,карты,noun
problems,проблемы,noun
London,Лондон,proper noun
Washington,Вашингтон,proper noun
meeting,встреча,noun
become,становиться,verb
interest,интерес,noun
child,ребенок,noun
keep,держать,verb
enter,входить,verb
California,Калифорния,proper noun
porn,порно,noun
share,делиться,noun
similar,похожий,adjective
garden,сад,noun
schools,школы,noun
million,миллион,number
added,добавлен,verb
reference,ссылка,noun
companies,компании,noun
listed,в списке,verb
baby,малыш,noun
learning,обучение,noun
energy,энергия,noun
run,бегать,noun
delivery,доставка,noun
net,сеть,noun
popular,популярный,adjective
term,срок,noun
film,фильм,noun
stories,истории,noun
put,помещать,verb
computers,компьютеры,noun
journal,журнал,noun
reports,Отчеты,noun
co,сопутствующий,noun
try,пытаться,verb
welcome,добро пожаловать,interjection
central,центральный,adjective
images,изображения,noun
president,президент,noun
notice,уведомление,noun
god,бог,noun
original,оригинал,adjective
head,голова,noun
radio,радио,noun
until,до,preposition
cell,клетка,noun
color,цвет,noun
self,себя,noun
council,совет,noun
away,прочь,adverb
includes,включает,verb
track,отслеживать,noun
Australia,Австралия,proper noun
discussion,дискуссия,noun
archive,архив,noun
once,один раз,adverb
others,другие,noun
entertainment,развлечение,noun
agreement,соглашение,noun
format,формат,noun
least,наименее,adjective
society,общество,noun
months,месяцы,noun
log,бревно,noun
safety,безопасность,noun
friends,друзья,noun
sure,конечно,adjective
trade,торговля,noun
edition,версия,noun
cars,машины,noun
messages,сообщения,noun
marketing,маркетинг,noun
tell,рассказывать,verb
further,дальше,adjective
updated,обновлено,verb
association,ассоциация,noun
able,способный,adjective
having,имея,verb
provides,обеспечивает,verb
David,Дэйвид,proper noun
fun,веселье,noun
already,уже,adverb
green,зеленый,adjective
studies,Исследования,noun
close,закрывать,verb
common,общий,adjective
drive,водить машину,verb
specific,специфический,adjective
several,несколько,adjective
gold,золото,noun
feb,февраль,proper noun
living,жизнь,verb
sep,сентябрь,proper noun
collection,коллекция,noun
called,называется,verb
short,короткий,adjective
arts,искусство,noun
lot,много,noun
ask,просить,verb
display,отображать,noun
limited,ограничен,adjective
powered,приводимый в действие,verb
solutions,решения,noun
means,означает,noun
director,директор,noun
daily,ежедневно,adverb
beach,пляж,noun
past,прошлое,adjective
natural,естественный,adjective
whether,ли,subordinating conjunction
due,должный,adjective
electronics,электроника,noun
five,пять,number
upon,на,preposition
period,период,noun
planning,планирование,noun
database,база данных,noun
says,говорит,verb
official,официальный,adjective
weather,погода,noun
mar,марта,proper noun
land,земля,noun
average,средний,adjective
done,сделанный,verb
technical,технический,adjective
window,окно,noun
France,Франция,proper noun
pro,профиль,noun
region,область,noun
island,остров,noun
record,записывать,noun
direct,прямой,adjective
conference,конференция,noun
environment,среда,noun
records,записи,noun
st,ул,proper noun
district,округ,noun
calendar,календарь,noun
costs,расходы,verb
style,стиль,noun
front,передний,noun
statement,заявление,noun
update,обновлять,noun
parts,части,noun
aug,август,proper noun
ever,всегда,adverb
downloads,загрузки,noun
early,рано,adjective
miles,мили,noun
sound,звук,noun
resource,ресурс,noun
present,подарок,adjective
applications,приложения,noun
either,или,other
ago,назад,adverb
document,документ,noun
word,слово,noun
works,Работа,noun
material,материал,noun
bill,счет,noun
apr,апрель,proper noun
written,написано,verb
talk,разговаривать,verb
federal,федеральный,adjective
hosting,хостинг,verb
rules,правила,noun
final,финал,adjective
adult,взрослый,noun
tickets,Билеты,noun
thing,вещь,noun
centre,центр,noun
requirements,требования,noun
via,с помощью,adverb
cheap,дешевый,adjective
nude,обнаженная,noun
kids,дети,noun
finance,финансы,noun
true,истинный,adjective
minutes,минуты,noun
else,еще,adverb
mark,отметка,noun
third,третий,adjective
rock,камень,noun
gifts,подарки,noun
europe,Европа,proper noun
reading,чтение,noun
topics,темы,noun
bad,плохой,adjective
individual,индивидуальный,noun
tips,советы,noun
plus,плюс,other
auto,авто,noun
cover,крышка,verb
usually,обычно,adverb
edit,редактировать,noun
together,вместе,adverb
videos,Видео,noun
percent,процент,noun
fast,быстрый,adjective
function,функция,noun
fact,факт,noun
unit,единица,noun
getting,получающий,verb
global,глобальный,adjective
tech,технический,noun
meet,встретиться,verb
far,далеко,adverb
economic,экономический,adjective
player,игрок,noun
projects,проекты,noun
lyrics,тексты песен,noun
often,часто,adverb
subscribe,подписаться,verb
submit,представлять на рассмотрение,verb
Germany,Германия,proper noun
amount,количество,noun
watch,смотреть,verb
included,Включен,verb
feel,чувствовать,verb
though,хотя,adverb
bank,банк,noun
risk,риск,noun
thanks,спасибо,noun
everything,все,pronoun
deals,сделки,noun
various,различный,adjective
words,слова,noun
jul,июль,proper noun
production,производство,noun
commercial,коммерческий,adjective
James,Джеймс,noun
weight,масса,noun
town,город,noun
heart,сердце,noun
advertising,реклама,noun
received,полученный,verb
choose,выбирать,verb
treatment,уход,noun
archives,архив,noun
points,точки,noun
knowledge,знание,noun
magazine,журнал,noun
error,ошибка,noun
camera,камера,noun
jun,июнь,proper noun
girl,девочка,noun
currently,в настоящее время,adverb
construction,строительство,noun
toys,игрушки,noun
registered,зарегистрированный,verb
clear,прозрачный,adjective
golf,гольф,noun
receive,получать,verb
domain,домен,noun
methods,методы,noun
chapter,глава,noun
makes,производит,verb
protection,защита,noun
policies,политики,noun
loan,заем,noun
wide,широкий,adjective
beauty,красота,noun
manager,менеджер,noun
India,Индия,proper noun
position,позиция,noun
taken,взятый,verb
sort,сортировка,noun
listings,списки,noun
models,модели,noun
Michael,Майкл,proper noun
known,известный,verb
half,половина,noun
cases,случаи,noun
step,шаг,noun
engineering,инженерный,noun
Florida,Флорида,proper noun
simple,простой,adjective
quick,быстрый,adjective
none,никто,pronoun
wireless,беспроводной,noun
license,лицензия,noun
Paul,Пол,proper noun
friday,пятница,proper noun
lake,озеро,noun
whole,весь,adjective
annual,ежегодный,adjective
published,опубликовано,verb
later,позже,adverb
basic,базовый,adjective
shows,шоу,noun
corporate,корпоративный,adjective
google,Google,proper noun
church,церковь,noun
method,метод,noun
purchase,покупка,noun
customers,клиенты,noun
active,активный,adjective
response,ответ,noun
practice,упражняться,noun
hardware,аппаратное обеспечение,noun
figure,фигура,noun
materials,материалы,noun
fire,огонь,noun
holiday,праздничный день,noun
chat,чат,noun
enough,достаточно,adjective
designed,спроектирован,verb
along,вдоль,adverb
among,среди,preposition
death,смерть,noun
writing,письмо,noun
speed,скорость,noun
html,HTML,proper noun
countries,страны,noun
loss,потеря,noun
face,лицо,verb
brand,бренд,noun
discount,скидка,noun
higher,выше,adjective
effects,эффекты,noun
created,созданный,verb
remember,помнить,verb
standards,стандарты,noun
oil,масло,noun
bit,кусочек,noun
yellow,желтый,adjective
political,политический,adjective
increase,увеличивать,noun
advertise,рекламировать,verb
kingdom,королевство,noun
base,база,noun
near,около,adverb
environmental,относящийся к окружающей среде,adjective
thought,мысль,verb
stuff,вещи,noun
french,французский,adjective
storage,хранилище,noun
Japan,Япония,proper noun
doing,делает,verb
loans,кредиты,noun
shoes,обувь,noun
entry,вход,noun
stay,оставаться,verb
nature,природа,noun
orders,приказ,noun
availability,доступность,noun
Africa,Африка,proper noun
summary,краткое содержание,noun
turn,повернуть,noun
mean,иметь в виду,verb
growth,рост,noun
notes,примечания,noun
agency,агентство,noun
king,король,noun
monday,понедельник,proper noun
european,европейский,adjective
activity,активность,noun
copy,копия,noun
although,хотя,subordinating conjunction
drug,лекарство,noun
pics,фото,noun
western,западный,adjective
income,доход,noun
force,сила,verb
cash,наличные,noun
employment,работа,noun
overall,общий,adverb
bay,залив,proper noun
river,река,noun
commission,комиссия,noun
ad,объявление,noun
package,упаковка,noun
contents,содержимое,noun
seen,видимый,verb
players,игроки,noun
engine,двигатель,noun
port,порт,noun
album,альбом,noun
regional,региональный,adjective
stop,останавливаться,verb
supplies,запасы,noun
started,начал,verb
administration,администрация,noun
bar,бар,noun
institute,институт,noun
views,виды,noun
plans,планы,noun
double,двойной,adjective
dog,собака,noun
build,строить,verb
screen,экран,noun
exchange,обмен,noun
types,типы,noun
soon,скоро,adverb
sponsored,спонсируется,verb
lines,линии,noun
electronic,электронный,adjective
continue,продолжать,verb
across,через,adverb
benefits,преимущества,noun
needed,нужный,verb
season,сезон,noun
apply,применять,verb
someone,кто-то,pronoun
held,держал,verb
anything,что-либо,pronoun
printer,принтер,noun
condition,состояние,noun
effective,эффективная,adjective
believe,полагать,verb
organization,организация,noun
effect,эффект,noun
asked,спросил,verb
eur,евро,noun
mind,разум,verb
sunday,воскресенье,proper noun
selection,выбор,noun
casino,казино,noun
lost,потерянный,verb
tour,тур,noun
menu,меню,noun
volume,объем,noun
cross,крест,noun
anyone,любой,pronoun
mortgage,ипотека,noun
hope,надеяться,verb
silver,серебро,noun
corporation,корпорация,noun
wish,желание,noun
inside,внутри,adverb
solution,решение,noun
mature,зрелый,adjective
role,роль,noun
rather,скорее,adverb
weeks,недели,noun
addition,добавление,noun
came,пришел,verb
supply,поставлять,noun
nothing,ничего,pronoun
certain,определенный,adjective
executive,исполнительный,adjective
running,бег,noun
lower,ниже,adjective
necessary,необходимый,adjective
union,союз,noun
jewelry,ювелирные изделия,noun
according,согласно,verb
clothing,одежда,noun
particular,особый,adjective
fine,отлично,adjective
names,имена,noun
Robert,Роберт,proper noun
hour,час,noun
gas,газ,noun
skills,навыки,noun
six,шесть,number
bush,куст,proper noun
islands,Острова,noun
advice,совет,noun
career,карьера,noun
military,военный,adjective
rental,прокат,noun
decision,решение,noun
leave,оставлять,verb
british,британский,adjective
teens,тинейджеры,noun
pre,предварительный,noun
huge,огромный,adjective
sat,сидящий,verb
woman,женщина,noun
facilities,удобства,noun
zip,молния,noun
bid,делать ставку,noun
kind,добрый,noun
sellers,Продавцы,noun
middle,середина,adjective
move,двигаться,verb
cable,кабель,noun
opportunities,возможности,noun
taking,принимающий,verb
values,ценности,noun
division,разделение,noun
coming,приходящий,verb
tuesday,вторник,proper noun
object,объект,noun
appropriate,соответствующий,adjective
machine,машина,noun
logo,логотип,noun
length,длина,noun
actually,на самом деле,adverb
nice,хороший,adjective
score,счет,noun
statistics,статистика,noun
client,клиент,noun
ok,хорошо,interjection
returns,возврат,verb
capital,капитал,noun
follow,следовать,verb
sample,образец,noun
investment,инвестиции,noun
sent,отправил,verb
shown,показано,verb
saturday,суббота,proper noun
Christmas,Рождество,proper noun
England,Англия,proper noun
culture,культура,noun
band,группа,noun
flash,вспышка,noun
lead,вести,verb
George,Джордж,proper noun
choice,выбор,noun
went,шел,verb
starting,начинающий,verb
registration,регистрация,noun
thursday,четверг,proper noun
courses,курсы,noun
consumer,потребитель,noun
hi,привет,interjection
airport,аэропорт,noun
foreign,иностранный,adjective
artist,художник,noun
outside,снаружи,adverb
furniture,мебель,noun
levels,уровни,noun
channel,канал,noun
letter,письмо,noun
mode,режим,noun
phones,телефоны,noun
ideas,идеи,noun
wednesday,среда,proper noun
structure,структура,noun
fund,фонд,noun
summer,лето,noun
allow,позволять,verb
degree,степень,noun
contract,договор,noun
button,кнопка,noun
releases,выпуски,noun
wed,обвенчались,proper noun
homes,дома,noun
super,супер,adverb
male,мужской,adjective
matter,иметь значение,noun
custom,обычай,noun
Virginia,Вирджиния,proper noun
almost,почти,adverb
took,взял,verb
located,расположенный,verb
multiple,несколько,adjective
asian,азиатский,adjective
distribution,распределение,noun
editor,редактор,noun
inn,гостиница,noun
industrial,промышленное,adjective
cause,причина,noun
potential,потенциал,adjective
song,песня,noun
focus,фокус,verb
late,поздно,adjective
fall,падать,noun
featured,показан,verb
idea,идея,noun
rooms,номера,noun
female,женский,adjective
responsible,ответственный,adjective
inc,внедорожник,proper noun
communications,коммуникации,noun
win,победить,verb
associated,связанный,verb
Thomas,Томас,proper noun
primary,начальный,adjective
cancer,рак,noun
numbers,числа,noun
reason,причина,noun
tool,инструмент,noun
browser,браузер,noun
spring,весна,noun
foundation,фундамент,noun
answer,отвечать,noun
voice,голос,noun
eg,например,proper noun
friendly,дружелюбно,adjective
schedule,расписание,noun
documents,документы,noun
communication,коммуникация,noun
purpose,цель,noun
feature,особенность,noun
bed,кровать,noun
comes,приходит,verb
police,полиция,noun
everyone,каждый,pronoun
independent,независимый,adjective
approach,подход,noun
cameras,камеры,noun
brown,коричневый,adjective
physical,физический,adjective
operating,работа,noun
hill,холм,noun
maps,карты,noun
medicine,лекарство,noun
deal,иметь дело,noun
hold,держать,verb
ratings,рейтинги,noun
Chicago,Чикаго,proper noun
forms,формы,noun
glass,стекло,noun
happy,счастливый,adjective
Smith,Смит,proper noun
wanted,в розыске,verb
developed,развитый,verb
thank,благодарить,verb
safe,безопасный,adjective
unique,уникальный,adjective
survey,опрос,noun
prior,прежний,adjective
telephone,телефон,noun
sport,спорт,noun
ready,готовый,adjective
feed,кормить,verb
animal,животное,noun
sources,источники,noun
Mexico,Мексика,proper noun
population,население,noun
regular,обычный,adjective
secure,безопасный,adjective
navigation,навигация,noun
operations,операции,noun
therefore,поэтому,adverb
ass,жопа,noun
simply,просто,adverb
evidence,доказательство,noun
station,станция,noun
christian,христианский,adjective
round,круглый,adjective
favorite,любимый,adjective
understand,понимать,verb
option,вариант,noun
master,владелец,noun
valley,долина,noun
recently,недавно,adverb
probably,вероятно,adverb
rentals,аренда,noun
sea,море,noun
built,построенный,verb
publications,публикации,noun
blood,кровь,noun
cut,резать,verb
worldwide,во всем мире,adverb
improve,улучшать,verb
connection,связь,noun
publisher,издатель,noun
hall,зал,noun
larger,более крупный,adjective
networks,сети,noun
earth,земля,noun
parents,родители,noun
impact,влияние,verb
transfer,передача,verb
introduction,введение,noun
kitchen,кухня,noun
strong,сильный,adjective
Carolina,Каролина,proper noun
wedding,свадьба,noun
properties,характеристики,noun
hospital,больница,noun
ground,земля,noun
overview,Обзор,noun
ship,корабль,noun
accommodation,размещение,noun
owners,владельцы,noun
disease,болезнь,noun
excellent,отличный,adjective
paid,оплаченный,verb
Italy,Италия,proper noun
perfect,идеальный,adjective
hair,волосы,noun
opportunity,возможность,noun
kit,набор,noun
classic,классик,adjective
basis,основа,noun
command,командование,noun
cities,города,noun
William,Уильям,proper noun
express,выражать,noun
anal,анальный,adjective
award,премия,noun
distance,расстояние,noun
tree,дерево,noun
Peter,Петр,proper noun
assessment,оценка,noun
ensure,гарантировать,verb
thus,таким образом,adverb
wall,стена,noun
involved,вовлеченный,verb
extra,дополнительный,adjective
especially,особенно,adverb
interface,интерфейс,noun
partners,партнеры,noun
budget,бюджет,noun
rated,рейтинг,verb
guides,гиды,noun
success,успех,noun
maximum,максимум,noun
operation,операция,noun
existing,существующий,verb
quite,довольно,adverb
selected,выбран,verb
boy,мальчик,interjection
Amazon,Амазонка,proper noun
patients,пациенты,noun
restaurants,рестораны,noun
beautiful,красивый,adjective
warning,предупреждение,noun
wine,вино,noun
locations,локации,noun
horse,лошадь,noun
vote,голосование,noun
forward,вперед,adjective
flowers,цветы,noun
stars,звезда,noun
significant,значительный,adjective
lists,списки,noun
technologies,технологии,noun
owner,владелец,noun
retail,розничная торговля,noun
animals,животные,noun
useful,полезный,adjective
directly,напрямую,adverb
manufacturer,производитель,noun
ways,пути,noun
est,стандартное восточное время,proper noun
son,сын,noun
providing,обеспечение,verb
rule,правило,noun
housing,жилье,noun
takes,принимает,verb
bring,приносить,verb
catalog,каталог,noun
searches,поиск,noun
max,максимум,noun
trying,пытающийся,verb
mother,мать,noun
authority,власть,noun
considered,обдуманный,verb
told,сказал,verb
traffic,трафик,noun
programme,программа,noun
joined,присоединился,verb
input,вход,noun
strategy,стратегия,noun
feet,ноги,noun
agent,агент,noun
valid,действительный,adjective
modern,современный,adjective
senior,старший,adjective
Ireland,Ирландия,proper noun
sexy,сексуально,adjective
teaching,преподавание,noun
door,дверь,noun
grand,гранд,adjective
testing,тестирование,noun
trial,пробный,noun
charge,заряжать,noun
units,единицы,noun
instead,вместо,adverb
canadian,канадский,adjective
cool,прохладный,adjective
normal,нормальный,adjective
wrote,написал,verb
enterprise,предприятие,noun
ships,корабли,noun
entire,весь,adjective
educational,образовательный,adjective
md,доктор медицинских наук,proper noun
leading,ведущий,verb
metal,металл,noun
positive,положительный,adjective
fitness,фитнес,noun
chinese,китайский,adjective
opinion,мнение,noun
Asia,Азия,proper noun
football,футбол,noun
abstract,абстрактный,adjective
uses,использование,verb
output,выход,noun
funds,фонды,noun
greater,больше,adjective
likely,вероятный,adjective
develop,развивать,verb
employees,сотрудники,noun
artists,художники,noun
alternative,альтернатива,adjective
processing,обработка,noun
responsibility,ответственность,noun
resolution,разрешение,noun
guest,гость,noun
seems,кажется,verb
publication,публикация,noun
pass,проходить,verb
relations,отношения,noun
trust,доверять,verb
van,фургон,proper noun
contains,содержит,verb
session,сессия,noun
multi,мульти,noun
photography,фотография,noun
Republic,Республика,noun
fees,сборы,noun
components,компоненты,noun
vacation,отпуск,noun
century,век,noun
academic,академический,noun
assistance,помощь,noun
completed,завершенный,verb
skin,кожа,noun
graphics,графика,noun
indian,индийский,adjective
prev,предыдущий,proper noun
ads,объявление,noun
Mary,Мэри,noun
expected,ожидал,verb
ring,кольцо,noun
grade,оценка,noun
dating,встречаться,noun
pacific,тихоокеанский,proper noun
mountain,гора,noun
organizations,организации,noun
filter,фильтр,noun
mailing,почтовая почта,noun
vehicle,транспортное средство,noun
longer,дольше,adjective
consider,учитывать,verb
northern,северный,adjective
behind,позади,preposition
panel,панель,noun
floor,пол,noun
german,немецкий,adjective
buying,покупка,verb
match,соответствовать,noun
proposed,предложенный,verb
default,по умолчанию,noun
require,требовать,verb
Iraq,Ирак,proper noun
boys,мальчики,noun
outdoor,на открытом воздухе,noun
deep,глубокий,adjective
morning,утро,noun
otherwise,в противном случае,adverb
allows,разрешает,verb
rest,отдых,noun
protein,белок,noun
plant,растение,noun
reported,сообщается,verb
hit,ударять,verb
transportation,транспорт,noun
pool,бассейн,noun
mini,мини,noun
politics,политика,noun
partner,партнер,noun
disclaimer,отказ от ответственности,noun
authors,авторы,noun
boards,доски,noun
faculty,факультет,noun
parties,партии,noun
fish,рыба,noun
membership,членство,noun
mission,миссия,noun
eye,глаз,noun
string,нить,noun
sense,смысл,noun
modified,модифицированный,verb
pack,пакет,noun
released,выпущенный,verb
stage,этап,noun
internal,внутренний,adjective
goods,товары,noun
recommended,рекомендуется,verb
born,рожденный,verb
unless,пока не,subordinating conjunction
Richard,Ричард,proper noun
detailed,подробный,adjective
japanese,японский,adjective
race,раса,noun
approved,одобренный,verb
background,фон,noun
target,цель,noun
except,кроме,preposition
character,характер,noun
maintenance,обслуживание,noun
ability,способность,noun
maybe,может быть,adverb
functions,функции,noun
moving,движущийся,verb
brands,бренды,noun
places,места,noun
pretty,симпатичный,adverb
trademarks,товарные знаки,noun
phentermine,фентермин,proper noun
Spain,Испания,proper noun
southern,южный,adjective
yourself,сам,pronoun
winter,зима,noun
rape,изнасилование,noun
battery,батарея,noun
youth,молодость,noun
pressure,давление,noun
submitted,поданный,verb
Boston,Бостон,proper noun
incest,инцест,adjective
debt,долг,noun
keywords,ключевые слова,noun
medium,середина,adjective
television,телевидение,noun
interested,заинтересован,adjective
core,основной,noun
break,перерыв,verb
purposes,цели,noun
throughout,через,preposition
sets,наборы,noun
dance,танец,verb
wood,древесина,noun
itself,сам,pronoun
defined,определенный,verb
papers,документы,noun
playing,игра,verb
awards,награды,noun
fee,платеж,noun
studio,студия,noun
reader,читатель,noun
virtual,виртуальный,adjective
device,устройство,noun
established,учредил,verb
answers,ответы,noun
rent,арендовать,verb
remote,удаленный,adjective
dark,темный,adjective
programming,программирование,noun
external,внешний,adjective
apple,яблоко,noun
regarding,касательно,verb
instructions,инструкции,noun
offered,предложенный,verb
theory,теория,noun
enjoy,наслаждаться,verb
remove,удалять,verb
aid,помогать,noun
surface,поверхность,noun
minimum,минимум,noun
visual,визуальный,adjective
host,хозяин,noun
variety,разнообразие,noun
teachers,учителя,noun
Martin,Мартин,proper noun
manual,руководство,noun
block,блокировать,noun
subjects,субъекты,noun
agents,агенты,noun
increased,повысился,verb
repair,ремонт,noun
fair,справедливый,adjective
civil,гражданский,adjective
steel,сталь,noun
understanding,понимание,verb
songs,песни,noun
fixed,зафиксированный,verb
wrong,неправильный,adjective
beginning,начало,verb
hands,руки,noun
associates,партнеры,noun
finally,окончательно,adverb
updates,обновления,noun
desktop,настольный компьютер,noun
classes,классы,noun
Paris,Париж,proper noun
Ohio,Огайо,proper noun
gets,получает,verb
sector,сектор,noun
capacity,емкость,noun
requires,требует,verb
Jersey,Джерси,proper noun
fat,толстый,adjective
fully,полностью,adverb
father,отец,noun
electric,электрический,adjective
saw,пила,verb
instruments,инструменты,noun
quotes,кавычки,noun
officer,офицер,noun
driver,водитель,noun
businesses,предприятия,noun
dead,мертвый,adjective
respect,уважать,noun
unknown,неизвестный,adjective
specified,указано,verb
restaurant,ресторан,noun
mike,Майк,proper noun
trip,путешествие,noun
worth,ценность,adjective
procedures,процедуры,noun
poor,бедный,adjective
teacher,учитель,noun
eyes,глаза,noun
relationship,отношение,noun
workers,работники,noun
farm,ферма,noun
fucking,чертовски,adjective
Georgia,Грузия,proper noun
peace,мир,noun
traditional,традиционный,adjective
campus,кампус,noun
Tom,Том,noun
showing,показ,verb
creative,творческий,adjective
coast,побережье,noun
benefit,выгода,noun
progress,прогресс,noun
funding,финансирование,noun
devices,устройства,noun
lord,господин,noun
grant,грант,noun
sub,подставка,noun
agree,соглашаться,verb
fiction,вымысел,noun
hear,слышать,verb
sometimes,иногда,adverb
watches,часы,noun
careers,карьера,noun
beyond,вне,adverb
goes,идет,verb
families,Семьи,noun
led,вел,verb
museum,музей,noun
themselves,сами себя,pronoun
fan,вентилятор,noun
transport,транспорт,noun
interesting,интересный,adjective
blogs,блоги,noun
wife,жена,noun
evaluation,оценка,noun
accepted,принял,verb
former,бывший,adjective
implementation,выполнение,noun
ten,десять,number
hits,хиты,noun
zone,зона,noun
complex,сложный,adjective
cat,кот,noun
galleries,галереи,noun
references,ссылки,noun
die,умирать,verb
presented,представлено,verb
Jack,Джек,proper noun
flat,плоский,adjective
flow,поток,noun
agencies,агентства,noun
literature,литература,noun
respective,соответствующий,adjective
parent,родительский,noun
spanish,испанский,proper noun
Michigan,Мичиган,proper noun
Columbia,Колумбия,proper noun
setting,параметр,noun
dr,доктор,proper noun
scale,шкала,noun
stand,стоять,verb
economy,экономика,noun
highest,самый высокий,adjective
helpful,полезный,adjective
monthly,ежемесячно,adjective
critical,критический,adjective
frame,рамка,noun
musical,мюзикл,adjective
definition,определение,noun
secretary,секретарь,noun
Angeles,Анджелес,proper noun
networking,сеть,noun
path,путь,noun
australian,австралийский,adjective
employee,сотрудник,noun
chief,главный,noun
gives,дает,verb
bottom,нижний,noun
magazines,журналы,noun
packages,пакеты,noun
detail,деталь,noun
Francisco,Франциско,proper noun
laws,законы,noun
changed,измененный,verb
pet,домашний питомец,noun
heard,слышал,verb
begin,начинать,verb
individuals,отдельные лица,noun
Colorado,Колорадо,proper noun
royal,королевский,adjective
clean,чистый,adjective
switch,выключатель,noun
russian,русский,adjective
largest,крупнейший,adjective
african,африканский,adjective
guy,парень,noun
titles,названия,noun
relevant,соответствующий,adjective
guidelines,руководящие принципы,noun
justice,справедливость,noun
connect,соединять,verb
Bible,Библия,proper noun
dev,девчонка,noun
cup,чашка,noun
basket,корзина,noun
applied,применяемый,verb
weekly,еженедельно,adjective
installation,установка,noun
described,описанный,verb
demand,требовать,noun
suite,набор,noun
Vegas,Вегас,proper noun
square,квадрат,adjective
Chris,Крис,proper noun
attention,внимание,noun
advance,продвигать,verb
skip,пропускать,verb
diet,диета,noun
army,армия,noun
auction,аукцион,noun
gear,механизм,noun
Lee,Ли,proper noun
difference,разница,noun
allowed,допустимый,verb
correct,правильный,adjective
Charles,Чарльз,proper noun
nation,нация,noun
selling,продажа,noun
lots,много,noun
piece,кусок,noun
sheet,лист,noun
firm,твердый,noun
seven,Семь,number
older,старше,adjective
illinois,Иллинойс,proper noun
regulations,правила,noun
elements,элементы,noun
species,разновидность,noun
jump,прыгать,verb
cells,ячейки,noun
module,модуль,noun
resort,прибегнуть,noun
facility,средство,noun
random,случайный,noun
pricing,ценообразование,noun
certificate,сертификат,noun
minister,министр,noun
motion,движение,noun
looks,внешний вид,verb
fashion,мода,noun
directions,указания,noun
visitors,Посетители,noun
documentation,документация,noun
monitor,монитор,verb
trading,торговля,noun
forest,лес,noun
calls,вызовы,noun
whose,чей,pronoun
coverage,покрытие,noun
couple,пара,noun
giving,дающий,verb
chance,шанс,noun
vision,зрение,noun
ball,мяч,noun
ending,конец,verb
clients,клиенты,noun
actions,действия,noun
listen,слушать,verb
discuss,обсуждать,verb
accept,принимать,verb
automotive,автомобиль,noun
naked,голый,adjective
goal,цель,noun
successful,успешный,adjective
sold,продал,verb
wind,ветер,noun
communities,сообщества,noun
clinical,клинический,adjective
situation,ситуация,noun
sciences,науки,noun
markets,рынки,noun
lowest,самый низкий,adjective
highly,высоко,adverb
publishing,издательский,noun
appear,появляться,verb
emergency,чрезвычайная ситуация,noun
developing,развитие,verb
lives,жизни,noun
currency,валюта,noun
leather,кожа,noun
determine,определять,verb
temperature,температура,noun
palm,ладонь,noun
announcements,объявления,noun
patient,пациент,noun
actual,действительный,adjective
historical,исторический,adjective
stone,камень,noun
commerce,коммерция,noun
ringtones,Рингтоны,noun
perhaps,возможно,adverb
persons,люди,noun
difficult,трудный,adjective
scientific,научный,adjective
satellite,спутник,noun
fit,соответствовать,noun
tests,тесты,noun
village,деревня,noun
accounts,счета,noun
amateur,любитель,adjective
ex,бывший,noun
met,встреченный,verb
pain,боль,noun
particularly,особенно,adverb
factors,факторы,noun
coffee,кофе,noun
www,www,proper noun
settings,настройки,noun
cum,а также,noun
buyer,покупатель,noun
cultural,культурный,adjective
Steve,Стив,proper noun
easily,легко,adverb
oral,оральный,adjective
Ford,Форд,proper noun
poster,плакат,noun
edge,край,noun
functional,функциональный,adjective
root,корень,noun
closed,закрыто,verb
holidays,праздники,noun
ice,лед,noun
pink,розовый,adjective
zealand,Зеландия,proper noun
balance,баланс,noun
monitoring,мониторинг,noun
graduate,выпускник,noun
replies,ответы,noun
shot,выстрелил,noun
nc,северо -запад,proper noun
architecture,архитектура,noun
initial,исходный,adjective
label,этикетка,verb
thinking,мышление,verb
Scott,Скотт,proper noun
sec,раздел,noun
recommend,рекомендую,verb
hardcore,хардкор,adjective
league,лига,noun
waste,напрасно тратить,noun
minute,минута,noun
bus,автобус,noun
provider,поставщик,noun
optional,необязательный,adjective
dictionary,словарь,noun
cold,холодный,adjective
accounting,бухгалтерский учет,noun
manufacturing,Производство,noun
sections,разделы,noun
chair,стул,noun
fishing,рыбалка,noun
effort,усилие,noun
phase,фаза,noun
fields,поля,noun
bag,сумка,noun
fantasy,фантастика,noun
po,попечитель,noun
letters,буквы,noun
motor,мотор,noun
professor,профессор,noun
context,контекст,noun
install,установить,verb
shirt,рубашка,noun
apparel,одежда,noun
generally,в целом,adverb
continued,продолжение,verb
foot,ступня,noun
mass,масса,noun
crime,преступление,noun
count,считать,noun
breast,грудь,noun
techniques,методы,noun
Johnson,Джонсон,proper noun
quickly,быстро,adverb
dollars,доллары,noun
religion,религия,noun
claim,требовать,verb
driving,вождение,verb
permission,разрешение,noun
surgery,операция,noun
patch,пластырь,noun
heat,нагревать,noun
wild,дикий,adjective
measures,меры,noun
generation,поколение,noun
Kansas,Канзас,proper noun
miss,скучать,verb
chemical,химический,adjective
doctor,доктор,noun
task,задача,noun
reduce,уменьшать,verb
brought,принес,verb
himself,сам,pronoun
nor,ни,other
component,компонент,noun
enable,давать возможность,verb
exercise,упражнение,noun
bug,ошибка,noun
Santa,Санта,proper noun
mid,середина,interjection
guarantee,гарантия,verb
leader,лидер,noun
diamond,бриллиант,noun
Israel,Израиль,proper noun
processes,процессы,noun
soft,мягкий,adjective
servers,серверы,noun
alone,один,adverb
meetings,встречи,noun
seconds,секунды,noun
Jones,Джонс,noun
Arizona,Аризона,proper noun
keyword,ключевое слово,noun
interests,интересы,noun
flight,полет,noun
congress,конгресс,noun
fuel,топливо,noun
username,имя пользователя,noun
walk,ходить,verb
produced,производится,verb
italian,итальянский,adjective
paperback,оплата в мягкой обложке,noun
classifieds,классифицированные,noun
wait,ждать,verb
supported,поддерживается,verb
pocket,карман,noun
saint,святой,proper noun
rose,роза,noun
freedom,свобода,noun
argument,аргумент,noun
competition,соревнование,noun
creating,Создание,verb
Jim,Джим,proper noun
drugs,наркотики,noun
joint,соединение,adjective
premium,премиум,noun
providers,поставщики,noun
fresh,свежий,adjective
characters,персонажи,noun
attorney,адвокат,noun
upgrade,обновление,noun
factor,фактор,noun
growing,растущий,verb
thousands,тысячи,noun
stream,транслировать,noun
apartments,квартиры,noun
pick,выбирать,verb
hearing,слушание,noun
eastern,восточный,adjective
auctions,аукционы,noun
therapy,терапия,noun
entries,записи,noun
dates,даты,noun
generated,сгенерирован,verb
signed,подписанный,verb
upper,верхний,adjective
administrative,административный,adjective
serious,серьезный,adjective
prime,основной,adjective
samsung,Samsung,proper noun
limit,предел,verb
began,начался,verb
louis,Луис,proper noun
steps,шаги,noun
errors,ошибки,noun
shops,магазины,noun
bondage,рабство,noun
del,дель,proper noun
efforts,усилия,noun
informed,информирован,verb
thoughts,мысли,noun
creek,ручей,noun
worked,работал,verb
quantity,количество,noun
urban,городской,adjective
practices,практики,noun
sorted,отсортировано,verb
reporting,репортаж,verb
essential,существенный,adjective
myself,сам,pronoun
tours,туры,noun
platform,платформа,noun
load,нагрузка,verb
affiliate,филиал,noun
labor,труд,noun
immediately,немедленно,adverb
admin,администратор,noun
nursing,уход,noun
defense,защита,noun
machines,машины,noun
designated,назначен,verb
tags,теги,noun
heavy,тяжелый,adjective
covered,покрытый,verb
recovery,восстановление,noun
Joe,Джо,proper noun
guys,ребята,noun
integrated,интегрированный,verb
configuration,конфигурация,noun
cock,петух,noun
merchant,торговец,noun
comprehensive,всесторонний,adjective
expert,эксперт,noun
universal,универсальный,adjective
protect,защищать,verb
drop,уронить,verb
solid,твердый,adjective
cds,CDS,noun
presentation,презентация,noun
languages,языки,noun
became,стал,verb
orange,апельсин,adjective
compliance,согласие,noun
vehicles,транспортные средства,noun
prevent,предотвращать,verb
theme,тема,noun
rich,богатый,adjective
i,я,noun
campaign,кампания,noun
marine,морской пехотинец,noun
improvement,улучшение,noun
vs,против,preposition
guitar,гитара,noun
finding,нахождение,verb
pennsylvania,Пенсильвания,proper noun
examples,примеры,noun
saying,высказывание,verb
spirit,дух,noun
claims,претензии,verb
challenge,испытание,verb
motorola,Motorola,proper noun
acceptance,принятие,noun
strategies,стратегии,noun
seem,казаться,verb
affairs,дела,noun
touch,трогать,noun
intended,намеревался,verb
towards,к,preposition
goals,цели,noun
hire,нанимать,verb
election,выборы,noun
suggest,предлагать,verb
branch,ветвь,noun
charges,обвинения,noun
serve,служить,verb
affiliates,филиалы,noun
reasons,Причины,noun
magic,магия,noun
mount,устанавливать,verb
smart,умный,adjective
talking,разговор,verb
gave,отдал,verb
ones,и,noun
latin,латинский,adjective
multimedia,мультимедиа,noun
tits,сиськи,noun
avoid,избегать,verb
certified,проверенный,verb
manage,управлять,verb
corner,угол,noun
rank,классифицировать,noun
computing,вычисление,noun
oregon,Орегон,proper noun
element,элемент,noun
birth,рождение,noun
virus,вирус,noun
abuse,злоупотреблять,noun
interactive,интерактивный,adjective
requests,запросы,noun
separate,отдельный,adjective
quarter,четверть,noun
procedure,процедура,noun
leadership,лидерство,noun
tables,столы,noun
define,определять,verb
racing,гонки,noun
religious,религиозный,adjective
facts,факты,noun
breakfast,завтрак,noun
Kong,Конг,proper noun
column,столбец,noun
plants,растения,noun
faith,вера,noun
chain,цепь,noun
developer,разработчик,noun
identify,идентифицировать,verb
avenue,проспект,noun
missing,отсутствующий,adjective
died,умер,verb
approximately,примерно,adverb
domestic,одомашненный,adjective
recommendations,рекомендации,noun
moved,взолнованный,verb
Houston,Хьюстон,proper noun
reach,достигать,verb
comparison,сравнение,noun
mental,психиатрический,adjective
viewed,просмотр,verb
moment,мгновенный,noun
extended,расширенный,verb
sequence,последовательность,noun
inch,дюйм,noun
attack,атака,noun
sorry,извини,adjective
centers,центры,noun
opening,открытие,noun
damage,повреждать,noun
lab,лаборатория,noun
reserve,бронировать,noun
recipes,рецепты,noun
gamma,гамма,noun
plastic,пластик,noun
produce,производить,verb
snow,снег,noun
placed,размещенный,verb
truth,правда,noun
counter,прилавок,noun
failure,отказ,noun
follows,следует,verb
weekend,выходные,noun
dollar,доллар,noun
camp,лагерь,noun
Ontario,Онтарио,proper noun
automatically,автоматически,adverb
des,дрес,proper noun
Minnesota,Миннесота,proper noun
films,фильмы,noun
bridge,мост,noun
native,родной,adjective
fill,наполнять,verb
williams,Уильямс,proper noun
movement,движение,noun
printing,печать,noun
baseball,бейсбол,noun
owned,принадлежащий,verb
approval,одобрение,noun
draft,черновик,noun
chart,диаграмма,noun
played,играл,verb
contacts,контакты,noun
Jesus,Иисус,noun
readers,читатели,noun
clubs,клубы,noun
Jackson,Джексон,proper noun
equal,равный,adjective
adventure,приключение,noun
matching,соответствующий,verb
offering,предложение,verb
shirts,рубашки,noun
profit,выгода,noun
leaders,лидеры,noun
posters,плакаты,noun
institutions,учреждения,noun
assistant,помощник,noun
variable,переменная,adjective
ave,проспект,proper noun
dj,диджейский,proper noun
advertisement,реклама,noun
expect,ожидать,verb
parking,стоянка,noun
headlines,заголовки,noun
yesterday,вчера,noun
compared,сравнивать,verb
determined,определенный,adjective
wholesale,оптом,noun
workshop,мастерская,noun
russia,россия,proper noun
gone,ушел,adjective
codes,коды,noun
kinds,виды,noun
extension,расширение,noun
Seattle,Сиэтл,proper noun
statements,заявления,noun
golden,золотой,adjective
completely,полностью,adverb
teams,команды,noun
fort,форт,proper noun
lighting,освещение,noun
senate,сенат,proper noun
forces,силы,noun
funny,забавный,adjective
brother,брат,noun
gene,ген,noun
turned,перевернутый,verb
portable,портативный,adjective
tried,пытался,verb
electrical,электрический,adjective
applicable,применимый,adjective
disc,диск,noun
returned,вернулся,verb
pattern,шаблон,noun
Hentai,Хентай,interjection
boat,лодка,noun
named,названный,verb
theatre,театр,noun
laser,лазер,noun
earlier,ранее,adverb
manufacturers,производители,noun
sponsor,спонсор,noun
classical,классический,adjective
icon,икона,noun
warranty,гарантия,noun
dedicated,преданный,verb
Indiana,Индиана,proper noun
direction,направление,noun
Harry,Гарри,proper noun
basketball,баскетбол,noun
objects,объекты,noun
ends,заканчивается,verb
delete,удалить,verb
evening,вечер,noun
assembly,сборка,noun
nuclear,ядерный,adjective
taxes,налоги,noun
mouse,мышь,noun
signal,сигнал,verb
criminal,преступник,adjective
issued,изданный,verb
brain,мозг,noun
sexual,сексуальный,adjective
Wisconsin,Висконсин,proper noun
powerful,мощный,adjective
dream,мечтать,noun
obtained,полученный,verb
false,ложь,adjective
da,дат,proper noun
cast,бросать,noun
flower,цветок,noun
felt,чувствовал себя,verb
personnel,персонал,noun
passed,прошедший,verb
supplied,поставляется,verb
identified,идентифицировано,verb
falls,водопад,verb
pic,картинка,noun
soul,душа,noun
opinions,мнения,noun
promote,продвигать,verb
stated,заявлено,verb
stats,статистика,noun
Hawaii,Гавайи,proper noun
professionals,профессионалы,noun
appears,появляется,verb
carry,нести,verb
flag,флаг,noun
decided,решенный,verb
covers,обложки,verb
advantage,преимущество,noun
hello,привет,interjection
designs,дизайн,noun
maintain,поддерживать,verb
tourism,туризм,noun
priority,приоритет,noun
newsletters,информационные бюллетени,noun
adults,взрослые,noun
clips,калипы,noun
savings,сбережения,noun
graphic,графический,adjective
atom,атом,noun
payments,платежи,noun
estimated,оцененный,verb
binding,связывание,noun
brief,краткий,adjective
ended,закончился,verb
winning,победа,verb
eight,восемь,number
anonymous,анонимный,adjective
iron,железо,noun
straight,прямой,adjective
script,сценарий,noun
served,служил,verb
wants,хочет,verb
miscellaneous,разнообразный,noun
prepared,готовый,verb
void,пустота,interjection
dining,столовая,noun
alert,тревога,noun
integration,интеграция,noun
Atlanta,Атланта,proper noun
Dakota,Дакота,proper noun
tag,ярлык,noun
interview,интервью,noun
mix,смешивание,noun
framework,рамки,noun
disk,диск,noun
installed,установлен,verb
queen,королева,noun
credits,кредиты,noun
clearly,четко,adverb
fix,исправить,noun
handle,ручка,noun
sweet,сладкий,adjective
desk,рабочий стол,noun
criteria,критерии,noun
Dave,Дэйв,proper noun
Massachusetts,Массачусетс,proper noun
Diego,Диего,proper noun
Hong,Хонг,proper noun
vice,порок,noun
associate,ассоциирован,noun
truck,грузовик,noun
behavior,поведение,noun
enlarge,увеличить,verb
ray,луча,noun
frequently,часто,adverb
revenue,доход,noun
measure,мера,noun
changing,изменение,verb
votes,голоса,noun
du,дюйт,proper noun
duty,долг,noun
looked,посмотрел,verb
discussions,обсуждения,noun
bear,медведь,noun
gain,прирост,verb
festival,фестиваль,noun
laboratory,лаборатория,noun
ocean,океан,noun
flights,рейсы,noun
experts,эксперты,noun
signs,знаки,noun
lack,недостаток,noun
depth,глубина,noun
Iowa,Айова,proper noun
whatever,что бы ни,pronoun
logged,зарегистрировано,verb
laptop,ноутбук,noun
vintage,винтаж,noun
train,тренироваться,noun
exactly,точно,adverb
dry,сухой,adjective
explore,исследовать,verb
Maryland,Мэриленд,proper noun
spa,спа-салон,noun
concept,концепция,noun
nearly,около,adverb
eligible,имеющий право,adjective
checkout,проверить,noun
reality,реальность,noun
forgot,забыл,verb
handling,умение обращаться,noun
origin,источник,noun
knew,знал,verb
gaming,игры,noun
feeds,корм,noun
billion,миллиард,number
destination,место назначения,noun
Scotland,Шотландия,proper noun
faster,быстрее,adjective
intelligence,интеллект,noun
Dallas,Даллас,proper noun
bought,купил,verb
con,кондиционер,noun
ups,UPS,noun
nations,народы,noun
route,маршрут,noun
followed,следовал,verb
specifications,спецификации,noun
broken,сломанный,verb
frank,откровенный,proper noun
Alaska,Аляска,proper noun
zoom,зум,noun
blow,дуть,verb
battle,боевой,noun
residential,Жилой,adjective
anime,аниме,noun
speak,говорить,verb
decisions,решения,noun
industries,промышленность,noun
protocol,протокол,noun
query,запрос,noun
clip,клип,noun
partnership,партнерство,noun
editorial,редакционная статья,noun
expression,выражение,noun
equity,капитал,noun
provisions,положения,noun
speech,речь,noun
wire,проволока,noun
principles,принципы,noun
suggestions,предложения,noun
rural,деревенский,adjective
shared,общий,verb
sounds,звуки,verb
replacement,замена,noun
tape,лента,noun
strategic,стратегический,adjective
judge,судить,noun
spam,спам,noun
economics,экономика,noun
acid,кислота,noun
bytes,байты,noun
cent,цент,noun
forced,принужденный,verb
compatible,совместимый,adjective
fight,драться,verb
apartment,квартира,noun
height,высота,noun
null,нулевой,adjective
zero,ноль,number
speaker,спикер,noun
filed,подано,verb
gb,ГБ,proper noun
Netherlands,Нидерланды,noun
obtain,получать,verb
consulting,консалтинг,noun
recreation,отдых,noun
offices,офисы,noun
designer,дизайнер,noun
remain,оставаться,verb
managed,удалось,verb
pr,премьер -министр,noun
failed,неуспешный,verb
marriage,свадьба,noun
roll,рулон,noun
banks,банки,noun
fr,фр,proper noun
participants,участники,noun
secret,секрет,noun
bath,ванна,noun
aa,аа,noun
leads,лидеры,verb
negative,отрицательный,adjective
favorites,фавориты,noun
theater,театр,noun
springs,пружины,noun
var,вар,noun
perform,выполнять,verb
healthy,здоровый,adjective
translation,перевод,noun
estimates,оценки,noun
font,шрифт,noun
assets,ресурсы,noun
injury,рана,noun
mt,гору,proper noun
joseph,Джозеф,proper noun
ministry,министерство,noun
drivers,водители,noun
lawyer,адвокат,noun
figures,фигуры,noun
married,женатый,verb
protected,защищен,verb
proposal,предложение,noun
sharing,обмен,noun
portal,портал,noun
waiting,ожидающий,noun
birthday,день рождения,noun
beta,бета,proper noun
fail,неудача,verb
banking,банковское дело,noun
officials,чиновники,noun
toward,к,preposition
won,выиграл,verb
slightly,немного,adverb
assist,помощь,noun
conduct,руководить,verb
contained,содержащий,verb
lingerie,нижнее белье,noun
legislation,законодательство,noun
calling,вызов,noun
parameters,параметры,noun
jazz,джаз,noun
serving,порция,verb
bags,мешки,noun
profiles,профили,noun
comics,комиксы,noun
matters,имеет значение,noun
houses,дома,noun
doc,док,noun
postal,почтовый,noun
relationships,отношения,noun
wear,носить,verb
controls,управление,noun
breaking,разрыв,verb
combined,комбинированный,verb
ultimate,окончательный,adjective
representative,представитель,noun
frequency,частота,noun
introduced,введено,verb
minor,незначительный,adjective
finish,заканчивать,noun
departments,отделы,noun
residents,жители,noun
noted,отмеченный,verb
displayed,отображается,verb
mom,мама,noun
reduced,уменьшенный,verb
physics,физика,noun
rare,редкий,adjective
spent,потраченный,verb
performed,выполненный,verb
extreme,крайний,adjective
samples,образцы,noun
bars,батончики,noun
reviewed,рецензируется,verb
row,ряд,noun
forecast,прогноз,noun
removed,удаленный,verb
helps,помогает,verb
singles,Одиночки,noun
administrator,администратор,noun
cycle,цикл,noun
amounts,суммы,noun
contain,содержать,verb
accuracy,точность,noun
dual,двойной,noun
rise,рост,verb
usd,доллар США,interjection
sleep,спать,noun
bird,птица,noun
pharmacy,аптека,noun
Brazil,Бразилия,proper noun
creation,Создание,noun
static,статический,adjective
scene,сцена,noun
hunter,Охотник,noun
addresses,адреса,noun
lady,леди,noun
crystal,кристалл,noun
famous,известный,adjective
writer,писатель,noun
chairman,председатель,noun
violence,насилие,noun
fans,поклонники,noun
oklahoma,Оклахома,proper noun
speakers,докладчики,noun
drink,напиток,verb
academy,академия,noun
dynamic,динамика,adjective
gender,пол,noun
eat,есть,verb
permanent,постоянный,adjective
agriculture,сельское хозяйство,noun
dell,делл,proper noun
cleaning,уборка,noun
constitutes,составляет,verb
portfolio,портфель,noun
practical,практичный,adjective
delivered,доставленный,verb
collectibles,предметы коллекционирования,noun
infrastructure,инфраструктура,noun
exclusive,эксклюзивный,adjective
seat,сиденье,noun
concerns,обеспокоенность,noun
colour,цвет,noun
vendor,продавец,noun
originally,первоначально,adverb
intel,Intel,proper noun
utilities,коммунальные услуги,noun
philosophy,Философия,noun
regulation,регулирование,noun
officers,офицеры,noun
reduction,снижение,noun
aim,цель,noun
bids,ставки,noun
referred,указанный,verb
supports,поддержка,verb
nutrition,питание,noun
recording,запись,noun
regions,регионы,noun
junior,младший,noun
toll,потери,noun
les,лежа,proper noun
rings,кольца,noun
meaning,значение,noun
tip,кончик,noun
secondary,второстепенный,noun
wonderful,замечательный,adjective
mine,мой,pronoun
ladies,дамы,noun
henry,Генри,noun
ticket,билет,noun
announced,объявлено,verb
guess,предполагать,verb
agreed,согласованный,verb
prevention,профилактика,noun
whom,кому,pronoun
ski,лыжи,noun
soccer,футбольный,noun
math,математика,noun
import,импорт,noun
posting,публикация,noun
presence,присутствие,noun
instant,мгновенный,adjective
mentioned,упомянул,verb
automatic,автоматический,adjective
healthcare,здравоохранение,noun
viewing,просмотр,noun
maintained,поддерживается,verb
increasing,увеличиваясь,verb
majority,большинство,noun
connected,подключенный,verb
christ,Христос,proper noun
dogs,собак,noun
directors,директора,noun
aspects,аспекты,noun
Austria,Австрия,proper noun
ahead,предстоящий,adverb
moon,луна,noun
participation,участие,noun
scheme,схема,noun
utility,утилита,noun
preview,предварительный просмотр,verb
fly,летать,verb
manner,манера,noun
matrix,матрица,noun
containing,содержащий,verb
combination,комбинация,noun
devel,депутат,noun
amendment,поправка,noun
despite,несмотря на,preposition
strength,сила,noun
guaranteed,гарантированно,verb
libraries,библиотеки,noun
proper,правильный,adjective
distributed,распределен,verb
degrees,градусы,noun
singapore,Сингапур,proper noun
enterprises,предприятия,noun
delta,дельта,noun
fear,страх,verb
seeking,поиск,verb
inches,дюймы,noun
convention,соглашение,noun
shares,акции,noun
principal,главный,noun
daughter,дочь,noun
standing,стоящий,noun
voyeur,вуайерист,noun
comfort,комфорт,noun
colors,цвета,noun
wars,войны,noun
cisco,Cisco,noun
ordering,заказывающий,noun
kept,сохраняется,verb
alpha,альфа,noun
appeal,обращаться,verb
cruise,круиз,noun
bonus,бонус,noun
certification,сертификация,noun
previously,ранее,adverb
hey,привет,interjection
bookmark,закладка,noun
buildings,здания,noun
specials,специальные предложения,noun
beat,бить,verb
household,семья,noun
batteries,батареи,noun
adobe,салат,proper noun
smoking,курить,noun
becomes,становится,verb
drives,приводы,noun
arms,оружие,noun
tea,чай,noun
improved,улучшен,verb
trees,деревья,noun
avg,ав,noun
achieve,достигать,verb
positions,позиции,noun
dress,одеваться,noun
subscription,подписка,noun
dealer,дилер,noun
contemporary,современный,adjective
sky,небо,noun
nearby,рядом,adverb
carried,унесенный,verb
happen,случаться,verb
exposure,контакт,noun
panasonic,Panasonic,proper noun
hide,скрывать,verb
permalink,Постоянная ссылка,proper noun
signature,подпись,noun
gambling,играть в азартные игры,noun
refer,ссылаться,verb
miller,Миллер,proper noun
provision,обеспечение,noun
outdoors,на открытом воздухе,noun
clothes,одежда,noun
caused,вызванный,verb
luxury,роскошь,adjective
babes,малышки,noun
frames,рамы,noun
viagra,виагра,noun
certainly,конечно,adverb
indeed,действительно,adverb
newspaper,газета,noun
toy,игрушка,noun
circuit,схема,noun
layer,слой,noun
printed,напечатано,verb
slow,медленный,adjective
removal,удаление,noun
easier,Полегче,adjective
src,SRC,proper noun
liability,обязанность,noun
trademark,торговая марка,noun
hip,бедро,interjection
printers,принтеры,noun
faqs,часто задаваемые вопросы,noun
nine,девять,number
adding,добавление,verb
kentucky,Кентукки,proper noun
mostly,по большей части,adverb
spot,место,noun
taylor,Тейлор,proper noun
trackback,трекбек,noun
prints,отпечатки,noun
spend,тратить,verb
factory,фабрика,noun
interior,интерьер,noun
revised,пересмотрен,verb
grow,расти,verb
americans,американцы,proper noun
optical,оптический,adjective
promotion,повышение,noun
relative,родственник,adjective
amazing,удивительный,adjective
clock,часы,noun
dot,точка,noun
identity,личность,noun
suites,люксы,noun
conversion,обращение,noun
feeling,чувство,verb
hidden,скрытый,adjective
reasonable,разумный,adjective
victoria,Виктория,proper noun
serial,сериал,noun
relief,облегчение,noun
revision,пересмотр,noun
broadband,широкополосная связь,noun
influence,влияние,noun
ratio,соотношение,noun
importance,значение,noun
rain,дождь,noun
onto,на,preposition
planet,планета,noun
webmaster,веб-мастер,noun
copies,копии,noun
recipe,рецепт,noun
zum,Zum,other
permit,разрешать,verb
seeing,видя,verb
proof,доказательство,noun
dna,ДНК,noun
diff,разница,noun
tennis,теннис,noun
bass,басс,noun
prescription,рецепт,noun
bedroom,спальня,noun
empty,пустой,adjective
instance,пример,noun
hole,дыра,noun
pets,домашние животные,noun
ride,поездка,noun
licensed,лицензирован,verb
orlando,Орландо,proper noun
specifically,конкретно,adverb
tim,Тим,proper noun
bureau,бюро,noun
maine,штат Мэн,proper noun
sql,SQL,noun
represent,представлять,verb
conservation,сохранение,noun
pair,пара,noun
ideal,идеал,adjective
specs,спецификации,noun
recorded,записано,verb
don,дон,proper noun
pieces,куски,noun
finished,законченный,verb
parks,парки,verb
dinner,ужин,noun
lawyers,адвокаты,noun
sydney,Сидней,proper noun
stress,стресс,noun
cream,крем,noun
runs,пробеги,noun
trends,тенденции,noun
yeah,ага,interjection
discover,обнаружить,verb
patterns,узоры,noun
boxes,коробки,noun
louisiana,Луизиана,proper noun